<shortcuts>
	<shortcut>
		<defaultID>1043</defaultID>
		<label>1043</label>
		<label2>Programs</label2>
		<icon>special://skin/extras/icons/program.png</icon>
		<thumb />
		<action>ActivateWindow(Programs,Addons,return)</action>
		</shortcut>
	<shortcut>
		<defaultID>auszip-dateiinstallieren</defaultID>
		<label>Aus ZIP-Datei installieren</label>
		<label2>Favorit</label2>
		<icon>DefaultFolder.png</icon>
		<thumb />
		<action>installfromzip,return)</action>
		</shortcut>
	<shortcut>
		<defaultID>ausrepositoryinstallieren</defaultID>
		<label>Aus Repository installieren</label>
		<label2>Favorit</label2>
		<icon>DefaultFolder.png</icon>
		<thumb />
		<action>ActivateWindow(10040,"addons://repos/",return)</action>
		</shortcut>
	<shortcut>
		<defaultID>suchen</defaultID>
		<label>Suchen</label>
		<label2>Benutzerdefinierter Eintrag</label2>
		<icon>DefaultFolder.png</icon>
		<thumb />
		<action>ActivateWindow(1119)</action>
		</shortcut>
	</shortcuts>
