<shortcuts>
	<shortcut>
		<defaultID />
		<label>XSTREAM SUCHE</label>
		<label2>Video Add-On</label2>
		<icon>DefaultShortcut.png</icon>
		<thumb>special://skin/extras/icons/video.png</thumb>
		<action>ActivateWindow(Videos,"plugin://plugin.video.xstream/?site=globalSearch&amp;function=globalSearch&amp;title=Globale+Suche&amp;params=0",return)</action>
		</shortcut>
	<shortcut>
		<defaultID />
		<label>XSHIP SUCHE</label>
		<label2>Video-Addon</label2>
		<icon>DefaultShortcut.png</icon>
		<thumb>special://skin/extras/icons/video.png</thumb>
		<action>ActivateWindow(Videos,"plugin://plugin.video.xship/?action=moviesSearch",return)</action>
		</shortcut>
	<shortcut>
		<defaultID />
		<label>VAVOO SUCHE</label>
		<label2>Benutzerdefinierter Eintrag</label2>
		<icon>DefaultShortcut.png</icon>
		<thumb>special://skin/extras/icons/search.png</thumb>
		<action>ActivateWindow(Videos,plugin://plugin.video.vavooto/?action=search&amp;id=movie.popular,return)</action>
		</shortcut>
	</shortcuts>
