<shortcuts>
	<shortcut>
		<defaultID />
		<label>XSTREAM SUCHE</label>
		<label2>Benutzerdefinierter Eintrag</label2>
		<icon>DefaultShortcut.png</icon>
		<thumb>image://DefaultAddonWebSkin.png/</thumb>
		<action>ActivateWindow(Videos,"plugin://plugin.video.xstream/?site=serienstream_to&amp;function=showSearch&amp;title=Suche&amp;trumb=&amp;trumb=%2Fstorage%2Femulated%2F0%2FAndroid%2Fdata%2Forg.xbmc.kodi%2Ffiles%2F.kodi%2Faddons%2Fplugin.video.xstream%2Fresources%2Fart%2Fsites%2Fserienstream.png&amp;sUrl=http%3A%2F%2F190.115.18.20%2F&amp;sCont=homeContentGenresList",return)</action>
		</shortcut>
	<shortcut>
		<defaultID />
		<label>XSHIP SUCHE</label>
		<label2>Video-Addon</label2>
		<icon>DefaultShortcut.png</icon>
		<thumb>thumb</thumb>
		<action>ActivateWindow(Videos,"plugin://plugin.video.xship/?action=tvshowsSearch",return)</action>
		</shortcut>
	<shortcut>
		<defaultID />
		<label>VAVOO SUCHE</label>
		<label2>Benutzerdefinierter Eintrag</label2>
		<icon>DefaultShortcut.png</icon>
		<thumb>image://%2fstorage%2femulated%2f0%2fAndroid%2fdata%2forg.xbmc.kodi%2ffiles%2f.kodi%2faddons%2fplugin.video.vavooto%2ficon.png/</thumb>
		<action>ActivateWindow(Videos,"plugin://plugin.video.vavooto/?action=search&amp;id=series.popular",return)</action>
		</shortcut>
	</shortcuts>
